{
  "prefs": {
    "1": [
      [139.33479309082, 45.557331085205114],
      [148.89540100097696, 41.35346603393552]
    ],
    "2": [
      [139.49725927695795, 41.55619812011723],
      [141.68310546875003, 40.21846771240229]
    ],
    "3": [
      [140.65409851074193, 40.45086669921877],
      [142.07260131835895, 38.74840164184567]
    ],
    "4": [
      [140.27520751953102, 39.002933502197315],
      [141.67460632324202, 37.773399353027344]
    ],
    "5": [
      [139.5202731265367, 40.51146697998053],
      [140.995803833008, 38.8741340637207]
    ],
    "6": [
      [139.53930664062497, 39.2085342407227],
      [140.64630126953102, 37.73433303833011]
    ],
    "7": [
      [139.16479492187497, 37.97686767578129],
      [141.04330444335898, 36.79180145263673]
    ],
    "8": [
      [139.68789672851597, 36.945465087890575],
      [140.85189819335895, 35.73959732055664]
    ],
    "9": [
      [139.32730102539097, 37.154998779296925],
      [140.292602539063, 36.199798583984425]
    ],
    "10": [
      [138.39720153808602, 37.05879974365233],
      [139.66929626464798, 35.98526763916016]
    ],
    "11": [
      [138.71229553222702, 36.283401489257834],
      [139.899993896484, 35.753665924072315]
    ],
    "12": [
      [139.739395141602, 36.10413360595698],
      [140.87089538574196, 34.89953231811517]
    ],
    "13": [
      [136.06952692854304, 35.898132324218786],
      [153.98686576033427, 20.422740332935973]
    ],
    "15": [
      [137.634902954102, 38.553398132324205],
      [139.90010070800798, 36.73686599731447]
    ],
    "16": [
      [136.768798828125, 36.980331420898445],
      [137.762496948242, 36.274467468261676]
    ],
    "17": [
      [136.243698120117, 37.855400085449205],
      [137.36050415039102, 36.067600250244084]
    ],
    "18": [
      [135.44900512695304, 36.295600891113295],
      [136.83200073242202, 35.343734741210945]
    ],
    "19": [
      [138.18029785156298, 35.97166442871089],
      [139.13429260253898, 35.16846466064447]
    ],
    "20": [
      [137.32550048828102, 37.030532836914105],
      [138.738708496094, 35.198398590087905]
    ],
    "21": [
      [136.275894165039, 36.46513366699217],
      [137.652801513672, 35.13359832763669]
    ],
    "22": [
      [137.47480773925798, 35.645999908447315],
      [139.175598144531, 34.59460067749022]
    ],
    "23": [
      [136.67109680175804, 35.424667358398416],
      [137.837997436523, 34.57826614379879]
    ],
    "24": [
      [135.85310363769497, 35.25753402709963],
      [136.98640441894503, 33.72333526611328]
    ],
    "25": [
      [135.763702392578, 35.70373153686523],
      [136.454299926758, 34.790733337402294]
    ],
    "26": [
      [134.85420227050798, 35.779197692871115],
      [136.05520629882798, 34.70593261718752]
    ],
    "27": [
      [135.09310913085903, 35.050865173339766],
      [135.745407104492, 34.271999359130874]
    ],
    "28": [
      [134.25309753418003, 35.674667358398366],
      [135.46710205078097, 34.15646743774411]
    ],
    "29": [
      [135.539596557617, 34.78126525878908],
      [136.22900390624997, 33.858798980712926]
    ],
    "30": [
      [134.99870300292997, 34.38439941406248],
      [136.01289367675804, 33.43326568603519]
    ],
    "31": [
      [133.135696411133, 35.61459732055658],
      [134.51460266113298, 35.05780029296883]
    ],
    "32": [
      [131.66720581054696, 37.24779175120798],
      [133.38529968261696, 34.302536010742216]
    ],
    "33": [
      [133.26670837402298, 35.35279846191408],
      [134.41200256347702, 34.298400878906335]
    ],
    "34": [
      [132.03590393066398, 35.105735778808636],
      [133.469696044922, 34.03526687622069]
    ],
    "35": [
      [130.77420043945304, 34.79833221435548],
      [132.49099731445304, 33.713134765625]
    ],
    "36": [
      [133.66020202636702, 34.251468658447344],
      [134.82119750976597, 33.53973388671882]
    ],
    "37": [
      [133.45159912109398, 34.56426620483396],
      [134.43969726562497, 34.01240158081046]
    ],
    "38": [
      [132.01190185546903, 34.29926681518546],
      [133.69200134277304, 32.898067474365185]
    ],
    "40": [
      [130.032501220703, 34.249332427978466],
      [131.18910217285196, 33.00046539306642]
    ],
    "41": [
      [129.73939514160193, 33.61826705932619],
      [130.541000366211, 32.950534820556605]
    ],
    "42": [
      [128.10450410960615, 34.724545500660504],
      [130.377304077148, 31.9864216057849]
    ],
    "43": [
      [129.963195800781, 33.19473266601564],
      [131.32859802246097, 32.094867706298764]
    ],
    "44": [
      [130.82400512695298, 33.73979949951168],
      [132.08459472656298, 32.71493530273439]
    ],
    "46": [
      [128.39439392089798, 32.306735992431626],
      [131.20379638671898, 27.018600463867166]
    ],
    "47": [
      [122.93349314581921, 27.88473320007318],
      [131.3322640122942, 24.04473304748544]
    ]
  },
  "japan": [
    [122.93349314581921, 45.557331085205114],
    [153.98686576033427, 20.422740332935973]
  ]
}
